case_type,true_label,pred_label,text,hypothesis
false_positive,0,1,"it puts washington , as honest working man john q . archibald , on a pedestal , then keeps lifting the pedestal higher .","Very short review with a few strong positive tokens and no qualifying context, giving a high positive likelihood ratio."
false_positive,0,1,"attal's hang-ups surrounding infidelity are so old-fashioned and , dare i say , outdated , it's a wonder that he couldn't have brought something fresher to the proceedings simply by accident .",Likely negation flip: positive cue words appear under the scope of a negation that bag-of-words MNB cannot represent.
false_positive,0,1,there isn't one moment in the film that surprises or delights .,Likely negation flip: positive cue words appear under the scope of a negation that bag-of-words MNB cannot represent.
false_negative,1,0,like a poor man's you can count on me,"Short positive review whose sentiment-bearing tokens are rare or OOV after preprocessing, so neutral tokens dominate the score."
false_negative,1,0,"grant is certainly amusing , but the very hollowness of the character he plays keeps him at arms length","Short positive review whose sentiment-bearing tokens are rare or OOV after preprocessing, so neutral tokens dominate the score."
false_negative,1,0,the footage of the rappers at play and the prison interview with suge knight are just two of the elements that will grab you .,"Short positive review whose sentiment-bearing tokens are rare or OOV after preprocessing, so neutral tokens dominate the score."
missed_spam,-1,0,"Subject: prom dress shopping
please respond to hi , just wanted to let you know that lacy ' s sugar levels are staying up pretty well . she was down to 51 this morning , but she took a shot last night & i guess she didn ' t eat enough ice cream . she was mad at me cause i didn ' t give her more than i did . but it ' s so hard to know exactly how to handle it ' cause she ' s been going to bed a little high & getting up a little high . but anyway , she ' s doing better & i guess she ' ll always be mad & think i ' m mistreating her . i stay stressed out every day not knowing if she got low after i left & passed out & no one would know it . i ' m going to try to get a cell phone & have her call me when she gets there - - i think - - i don ' t know - - she ' ll be mad about that too . but the other night , she didn ' t eat right after she took her shot , then didn ' t eat anything fast acting & got in the truck to go over to phillip ' s to get research info from his computer , got low & had to pull over & eat sugar tabs . so that ' s what scares me . she knew to eat righ !
t after she took that shot & didn ' t . but she was high before she took it & i guess she didn ' t think about it getting low . i don ' t know what will happen to her when she leaves home .
but anyway , i wanted to let you know that we ' re going to dallas to look for the prom dress & shoes , don ' t know if we will stay all night or not . i haven ' t talked to shane & shelley . i wanted to stay & go to saturn rd . to church & go to the singles class . but i don ' t know what shane & shelley have planned . so we ' ll be back either sat . night or sun . lacy has to be back to work on 3 research papers & projects that are all due at once . so , wish us luck . any donations will be appreciated ! i hear they ' re more than i was expecting . but anyway , i don ' t intend to go overboard . maybe there will be some sales .
hope my grandsons are doing ok . i bet they were glad that their daddy got back home sunday . hug them for me & tell cole that mimi can ' t wait to see his bunkbeds . love ya ' ll",The cosine score sits below tau because the doc carries too little of the Enron template vocabulary (subject/enron/hou/unsubscribe) that dominates the training centroids.
missed_spam,-1,0,"Subject: calpine daily gas nomination
- calpine daily gas nomination 1 . doc",The cosine score sits below tau because the doc carries too little of the Enron template vocabulary (subject/enron/hou/unsubscribe) that dominates the training centroids.
false_spam,0,-1,"for all of its insights into the dream world of teen life , and its electronic expression through cyber culture , the film gives no quarter to anyone seeking to pull a cohesive story out of its 2 1/2-hour running time .","A genuine review shares high-IDF vocabulary with the Enron template (e.g. proper names, dates, header-like fragments), pushing cosine above tau and triggering a false spam flag."
